sku,title,description,brand,category,price,supplier_price,supplier_name,vendor_sku,image_url,fitment,inventory,shipping_profile
KNN-57-1562,Cold Air Intake Kit for Civic 2.0L,K&N intake improves airflow by up to 50%,K&N,Intake,329.99,249.00,Keystone,KNN-57-1562,https://images.unsplash.com/photo-1515923257430-a4dfe47b31a3,year:2020-2020;make:Honda;model:Civic;trim:LX|EX,50,standard
BOR-140837,Borla S-Type Cat-Back Exhaust for Mustang 5.0,Deep aggressive tone, Borla tips,Borla,Exhaust,1299.99,999.00,Turn14,BOR-140837,https://images.unsplash.com/photo-1493236296276-d17357e28807,year:2019-2019;make:Ford;model:Mustang;trim:GT,15,freight
HKS-32016-BH001,HKS Hi-Power Exhaust for Civic 2.0L,Stainless steel construction,HKS,Exhaust,899.99,720.00,MVP,HKS-32016-BH001,https://images.unsplash.com/photo-1512496015851-a90fb38ba796,year:2020-2020;make:Honda;model:Civic;trim:LX|EX,8,standard
TRD-PT932-12211,TRD Performance Air Filter Corolla,Washable reusable filter,TRD,Intake,79.99,55.00,Keystone,PT932-12211,https://images.unsplash.com/photo-1502877338535-766e1452684a,year:2022-2022;make:Toyota;model:Corolla;trim:LE,120,standard
NSN-VERSA-WING,Spoiler Wing for Versa,Lightweight ABS wing,NoName,Aero,129.00,70.00,AliExpress,NSN-VERSA-WING,https://images.unsplash.com/photo-1519641471654-76ce0107adf5,year:2024-2024;make:Nissan;model:Versa;trim:SE,200,ePacket
